
CREATE DATABASE QLDKMHVTHP
GO
USE QLDKMHVTHP
GO
CREATE TABLE SINHVIEN(
	MSSV CHAR(8) PRIMARY KEY,
	HoTen NVARCHAR(50) NOT NULL,
	NgaySinh Date,
	GioiTinh Char(3),
	MaHuyen CHAR(4),	
	MaDT char(4),
	MaNganh char(4)
)



CREATE TABLE DTUT(
	MaDT char(4) primary key, 
	TenLoaiDT NVARCHAR(40),
	TiLeMienHP DECIMAL(2,1)
)

CREATE TABLE HUYEN(
	MaHuyen CHAR(4) primary key,
	MaTinh char(4),
	TenHuyen NVARCHAR(40),
	VungSau bit,
	VungXa bit
)

CREATE TABLE TINH(
	MaTinh char(4) primary key,
	TenTinh NVARCHAR(50)
)

CREATE TABLE KHOA(
	MaKhoa char(2) primary key,
	TenKhoa NVARCHAR(50)
)

CREATE TABLE NGANH(
	MaNganh char(4) primary key,
	MaKhoa char(2),
	TenNganh NVARCHAR(40)
)

CREATE TABLE DSMH(
	MaMonHoc CHAR(5) ,
	TenMonHoc NVARCHAR(50) , 
	MaLoaiMon char(2),
	SoTiet INT,
	MaNganh CHAR(4) ,
	SoTinChi int
	CONSTRAINT PK_DSMH PRIMARY KEY (MaMonHoc, MaNganh, TenMonHoc)
)


CREATE TABLE LOAIMON(
	MaLoaiMon char(2) primary key,
	TenLoaiMon NVARCHAR(40),
	SoTietTinChi int,
	SoTienTinChi MONEY
)

CREATE TABLE DSMH_MO_TRONG_HOC_KI(
	MaMo CHAR(4) PRIMARY KEY, 
	HocKy INT,
    NamHoc INT, 
	MaMonHoc CHAR(5) NOT NULL,
	TenMonHoc NVARCHAR(50) NOT NULL,
	MaNganh CHAR(4) NOT NULL
)
CREATE TABLE HOCKY_NAMHOC (
    HocKy INT,
    NamHoc INT,
    ThoiHanDongHocPhi SMALLDATETIME,
    CONSTRAINT PK_HOCKY_NAMHOC PRIMARY KEY (HocKy, NamHoc)
)
CREATE TABLE CTNGANH(
	HocKy INT,
	MaMonHoc CHAR(5) ,
	TenMonHoc NVARCHAR(50) , 
	MaNganh char(4),
	GhiChu CHAR(100)
	CONSTRAINT PK_CTNGANH PRIMARY KEY (HocKy, MaMonHoc, MaNganh)
)

CREATE TABLE PHIEUDKHP(
	MaSoPhieu CHAR(4) PRIMARY KEY,
	MSSV CHAR(8),
	NgayLap DATE,
	HocKy INT,
    NamHoc INT,
	TongTienDangKi MONEY,
	SoTienPhaiDong MONEY,
	SoTienDaDong MONEY,
	SoTienConLai MONEY
)
CREATE TABLE CT_DKHP(
	MaSoPhieu CHAR(4),
	MaMo CHAR(4)
	CONSTRAINT PK_CT_DKHP PRIMARY KEY (MaSoPhieu, MaMo)
)

CREATE TABLE PHIEUTHUHP(
	MaPhieuThu CHAR(4) PRIMARY KEY,
	MaSoPhieu CHAR(4),
	NgayLap DATE,
	SoTienThu MONEY
)

CREATE TABLE BAOCAOCHUADONGHP(
	MaBCChuaDongHP CHAR(5),
	HocKy INT,
    NamHoc INT,
	MSSV CHAR(8),
	TongTienDangKi MONEY,
	SoTienPhaiDong MONEY,
	SoTienConLai MONEY
	CONSTRAINT PK_BCCDHP PRIMARY KEY (MaBCChuaDongHP, HocKy, NamHoc, MSSV)
)

CREATE TABLE DANGNHAP(
	TaiKhoan char(8) primary key,
	MatKhau char(3),
	MaNgDung char(2)
)


--SINHVIEN---
ALTER TABLE SINHVIEN ADD CONSTRAINT FK_UT FOREIGN KEY (MaDT) references DTUT(MaDT)
ALTER TABLE SINHVIEN ADD CONSTRAINT FK_NGANH FOREIGN KEY (MaNganh) REFERENCES NGANH(MaNganh)
ALTER TABLE SINHVIEN ADD CONSTRAINT FK_HUYEN FOREIGN KEY (MaHuyen) REFERENCES HUYEN(MaHuyen)
---HUYEN----
ALTER TABLE HUYEN ADD CONSTRAINT FK_TINH FOREIGN KEY (MaTinh) REFERENCES TINH(MaTinh)
--NGANH----
ALTER TABLE NGANH ADD CONSTRAINT FK_NGANH_KHOA FOREIGN KEY (MaKhoa) REFERENCES KHOA(MaKhoa)
--DSMH----
ALTER TABLE DSMH ADD CONSTRAINT FK_LM_DS FOREIGN KEY (MaLoaiMon) REFERENCES LOAIMON(MaLoaiMon)
ALTER TABLE DSMH ADD CONSTRAINT FK_MH_NGANH FOREIGN KEY (MaNganh) REFERENCES NGANH(MaNganh)
--HOCKY_NAMHOC
ALTER TABLE HOCKY_NAMHOC ADD CONSTRAINT UQ_HOCKY UNIQUE (HocKy)
---DSMH_MO_TRONG_HOC_KI--
ALTER TABLE DSMH_MO_TRONG_HOC_KI ADD CONSTRAINT FK_MOT_HK FOREIGN KEY (HocKy, NamHoc) REFERENCES HOCKY_NAMHOC(HocKy, NamHoc)
ALTER TABLE DSMH_MO_TRONG_HOC_KI ADD CONSTRAINT FK_MO_MonHoc_Nganh_Ten FOREIGN KEY (HocKy, MaMonHoc, MaNganh) 
REFERENCES CTNGANH(HocKy, MaMonHoc, MaNganh)

--CTNGANH----
ALTER TABLE CTNGANH ADD CONSTRAINT FK_CTNGANH_MonHoc_Nganh_Ten FOREIGN KEY (MaMonHoc, MaNganh, TenMonHoc) 
    REFERENCES DSMH(MaMonHoc, MaNganh, TenMonHoc)
alter table CTNGANH add constraint FK_CTNGANH_HK foreign key (HocKy) references HOCKY_NAMHOC(HocKy)
--PHIEUDKHP---
ALTER TABLE PHIEUDKHP ADD CONSTRAINT FK_PHIEUDK_HK FOREIGN KEY (HocKy, NamHoc) REFERENCES HOCKY_NAMHOC(HocKy, NamHoc)
ALTER TABLE PHIEUDKHP ADD CONSTRAINT FK_PHIEUDK_SV FOREIGN KEY (MSSV) REFERENCES SINHVIEN(MSSV)

--CT_DKHP------
ALTER TABLE CT_DKHP ADD CONSTRAINT FK_CT_DKHPK_DK FOREIGN KEY (MaSoPhieu) REFERENCES PHIEUDKHP(MaSoPhieu)
ALTER TABLE CT_DKHP ADD CONSTRAINT FK_CT_DKHPK_MO FOREIGN KEY (MaMo) REFERENCES DSMH_MO_TRONG_HOC_KI(MaMo)



--PHIEUTHUHP---
ALTER TABLE PHIEUTHUHP ADD CONSTRAINT FK_PHIEUTHUHPK_DK FOREIGN KEY (MaSoPhieu) REFERENCES PHIEUDKHP(MaSoPhieu)
--BAOCAOCHUADONGHP---
ALTER TABLE BAOCAOCHUADONGHP ADD CONSTRAINT FK_BAOCAOCHUADONGHP_HK FOREIGN KEY (HocKy, NamHoc) REFERENCES HOCKY_NAMHOC(HocKy, NamHoc)
ALTER TABLE BAOCAOCHUADONGHP ADD CONSTRAINT FK_BAOCAOCHUADONGHP_SV FOREIGN KEY (MSSV) REFERENCES SINHVIEN(MSSV)

INSERT INTO DANGNHAP VALUES
('Admin123','123', 'dt'),
('22520026','123', 'sv'),
('22520019','123', 'sv');

-- thêm dữ liệu vào bảng DTUT
INSERT INTO DTUT VALUES
('DT01', N'Hoàn cảnh khó khăn', 0.5),
('DT02', N'Mồ côi cha mẹ', 0.8),
('DT03', N'Dân tộc thiểu số', 0.3),
('DT04', N'Con thương binh liệt sĩ', 0.3),
('DT05', N'Hộ nghèo', 0.3),
('DT06', N'Không', 0.0);

-- thêm dữ liệu vào tỉnh

insert into TINH values
('T001',N'An Giang'),
('T002',N'Bà Rịa – Vũng Tàu'),
('T003',N'Bạc Liêu'),
('T004',N'Bắc Giang'),
('T005',N'Bắc Kạn'),
('T006',N'Bắc Ninh'),
('T007',N'Bến Tre'),
('T008',N'Bình Dương'),
('T009',N'Bình Định'),
('T010',N'Bình Phước'),
('T011',N'Bình Thuận'),
('T012',N'Cà Mau'),
('T013',N'Cao Bằng'),
('T014',N'Cần Thơ'),
('T015',N'Đà Nẵng'),
('T016',N'Đắk Lắk'),
('T017',N'Đắk Nông'),
('T018',N'Điện Biên'),
('T019',N'Đồng Nai'),
('T020',N'Đồng Tháp'),
('T021',N'Gia Lai'),
('T022',N'Hà Giang'),
('T023',N'Hà Nam'),
('T024',N'Hà Nội'),
('T025',N'Hà Tĩnh'),
('T026',N'Hải Dương'),
('T027',N'Hải Phòng'),
('T028',N'Hậu Giang'),
('T029',N'Hòa Bình'),
('T030',N'TP. Hồ Chí Minh'),
('T031',N'Hưng Yên'),
('T032',N'Khánh Hòa'),
('T033',N'Kiên Giang'),
('T034',N'Kon Tum'),
('T035',N'Lai Châu'),
('T036',N'Lạng Sơn'),
('T037',N'Lào Cai'),
('T038',N'Lâm Đồng'),
('T039',N'Long An'),
('T040',N'Nam Định'),
('T041',N'Nghệ An'),
('T042',N'Ninh Bình'),
('T043',N'Ninh Thuận'),
('T044',N'Phú Thọ'),
('T045',N'Phú Yên'),
('T046',N'Quảng Bình'),
('T047',N'Quảng Nam'),
('T048',N'Quảng Ngãi'),
('T049',N'Quảng Ninh'),
('T050',N'Quảng Trị'),
('T051',N'Sóc Trăng'),
('T052',N'Sơn La'),
('T053',N'Tây Ninh'),
('T054',N'Thái Bình'),
('T055',N'Thái Nguyên'),
('T056',N'Thanh Hóa'),
('T057',N'Thừa Thiên Huế'),
('T058',N'Tiền Giang'),
('T059',N'Trà Vinh'),
('T060',N'Tuyên Quang'),
('T061',N'Vĩnh Long'),
('T062',N'Vĩnh Phúc'),
('T063',N'Yên Bái')

-- thêm dữ liệu vào huyện 

insert into HUYEN values
('H001','T057',N'A Lưới',0,0),
('H002','T033',N'An Biên',0,0),
('H003','T027',N'An Dương',0,0),
('H004','T021',N'An Khê',0,0),
('H005','T027',N'An Lão',0,1),
('H006','T009',N'An Lão',0,1),
('H007','T033',N'An Minh',0,0),
('H008','T009',N'An Nhơn',0,0),
('H009','T001',N'An Phú',0,0),
('H010','T031',N'Ân Thi',0,0),
('H011','T041',N'Anh Sơn',0,0),
('H012','T021',N'Ayun Pa',0,0),
('H013','T005',N'Ba Bể',0,0),
('H014','T049',N'Ba Chẽ',0,0),
('H015','T024',N'Ba Đình',0,0),
('H016','T046',N'Ba Đồn',0,0),
('H017','T002',N'Bà Rịa',0,0),
('H018','T056',N'Bá Thước',0,0),
('H019','T048',N'Ba Tơ',0,1),
('H020','T007',N'Ba Tri',0,0),
('H021','T024',N'Ba Vì',0,0),
('H022','T043',N'Bác Ái',0,1),
('H023','T011',N'Bắc Bình',0,0),
('H024','T004',N'Bắc Giang',0,0),
('H025','T037',N'Bắc Hà',0,1),
('H026','T005',N'Bắc Kạn',0,0),
('H027','T003',N'Bạc Liêu',0,0),
('H028','T022',N'Bắc Mê',0,0),
('H029','T006',N'Bắc Ninh',0,0),
('H030','T022',N'Bắc Quang',0,0),
('H031','T036',N'Bắc Sơn',0,0),
('H032','T008',N'Bắc Tân Uyên',0,0),
('H033','T047',N'Bắc Trà My',0,0),
('H034','T024',N'Bắc Từ Liêm',0,0),
('H035','T052',N'Bắc Yên',0,0),
('H036','T027',N'Bạch Long Vĩ',0,0),
('H037','T005',N'Bạch Thông',0,0),
('H038','T013',N'Bảo Lạc',0,1),
('H039','T013',N'Bảo Lâm',0,1),
('H040','T038',N'Bảo Lâm',0,1),
('H041','T038',N'Bảo Lộc',0,0),
('H042','T037',N'Bảo Thắng',0,0),
('H043','T037',N'Bảo Yên',0,0),
('H044','T037',N'Bát Xát',0,0),
('H045','T008',N'Bàu Bàng',0,0),
('H046','T008',N'Bến Cát',0,0),
('H047','T053',N'Bến Cầu',0,0),
('H048','T039',N'Bến Lức',0,0),
('H049','T007',N'Bến Tre',0,0),
('H050','T019',N'Biên Hòa',0,0),
('H051','T056',N'Bỉm Sơn',0,0),
('H052','T030',N'Bình Chánh',0,0),
('H053','T007',N'Bình Đại',0,0),
('H054','T036',N'Bình Gia',1,0),
('H055','T026',N'Bình Giang',0,0),
('H056','T049',N'Bình Liêu',0,0),
('H057','T010',N'Bình Long',0,0),
('H058','T023',N'Bình Lục',0,0),
('H059','T061',N'Bình Minh',0,0),
('H060','T048',N'Bình Sơn',0,0),
('H061','T030',N'Bình Tân',0,0),
('H062','T061',N'Bình Tân',0,0),
('H063','T030',N'Bình Thạnh',0,0),
('H064','T014',N'Bình Thủy',0,0),
('H065','T062',N'Bình Xuyên',0,0),
('H066','T046',N'Bố Trạch',0,0),
('H067','T010',N'Bù Đăng',0,0),
('H068','T010',N'Bù Đốp',0,0),
('H069','T010',N'Bù Gia Mập',0,0),
('H070','T016',N'Buôn Đôn',0,0),
('H071','T016',N'Buôn Hồ',0,0),
('H072','T016',N'Buôn Ma Thuột',0,0),
('H073','T012',N'Cà Mau',0,0),
('H074','T058',N'Cái Bè',0,0),
('H075','T058',N'Cai Lậy',0,0),
('H076','T058',N'Cai Lậy',0,0),
('H077','T012',N'Cái Nước',0,0),
('H078','T014',N'Cái Răng',0,0),
('H079','T026',N'Cẩm Giàng',0,0),
('H080','T044',N'Cẩm Khê',0,0),
('H081','T032',N'Cam Lâm',0,0),
('H082','T015',N'Cẩm Lệ',0,0),
('H083','T050',N'Cam Lộ',0,0),
('H084','T019',N'Cẩm Mỹ',0,0),
('H085','T049',N'Cẩm Phả',0,0),
('H086','T032',N'Cam Ranh',0,0),
('H087','T056',N'Cẩm Thủy',0,0),
('H088','T025',N'Cẩm Xuyên',0,0),
('H089','T039',N'Cần Đước',0,0),
('H090','T030',N'Cần Giờ',0,0),
('H091','T039',N'Cần Giuộc',0,0),
('H092','T025',N'Can Lộc',0,0),
('H093','T059',N'Càng Long',0,0),
('H094','T013',N'Cao Bằng',0,0),
('H095','T020',N'Cao Lãnh',0,0),
('H096','T020',N'Cao Lãnh',0,0),
('H097','T036',N'Cao Lộc',0,0),
('H098','T029',N'Cao Phong',0,0),
('H099','T027',N'Cát Hải',0,0),
('H100','T038',N'Cát Tiên',0,0),
('H101','T024',N'Cầu Giấy',0,0),
('H102','T059',N'Cầu Kè',0,0),
('H103','T059',N'Cầu Ngang',0,0),
('H104','T001',N'Châu Đốc',0,0),
('H105','T002',N'Châu Đức',0,0),
('H106','T001',N'Châu Phú',0,0),
('H107','T001',N'Châu Thành',0,0),
('H108','T007',N'Châu Thành',0,0),
('H109','T020',N'Châu Thành',0,0),
('H110','T028',N'Châu Thành',0,0),
('H111','T033',N'Châu Thành',0,0),
('H112','T039',N'Châu Thành',0,0),
('H113','T051',N'Châu Thành',0,0),
('H114','T053',N'Châu Thành',0,0),
('H115','T058',N'Châu Thành',0,0),
('H116','T059',N'Châu Thành',0,0),
('H117','T028',N'Châu Thành A',0,0),
('H118','T036',N'Chi Lăng',0,0),
('H119','T026',N'Chí Linh',0,0),
('H120','T060',N'Chiêm Hóa',0,0),
('H121','T005',N'Chợ Đồn',0,0),
('H122','T058',N'Chợ Gạo',0,0),
('H123','T007',N'Chợ Lách',0,0),
('H124','T001',N'Chợ Mới',0,0),
('H125','T005',N'Chợ Mới',0,0),
('H126','T010',N'Chơn Thành',0,0),
('H127','T021',N'Chư Păh',0,0),
('H128','T021',N'Chư Prông',0,0),
('H129','T021',N'Chư Pưh',0,0),
('H130','T021',N'Chư Sê',0,0),
('H131','T024',N'Chương Mỹ',0,0),
('H132','T014',N'Cờ Đỏ',0,0),
('H133','T049',N'Cô Tô',0,0),
('H134','T050',N'Cồn Cỏ',0,0),
('H135','T041',N'Con Cuông',0,0),
('H136','T002',N'Côn Đảo',0,0),
('H137','T030',N'Củ Chi',0,0),
('H138','T017',N'Cư Jút',0,0),
('H139','T016',N'Cư Kuin',0,0),
('H140','T051',N'Cù Lao Dung',0,0),
('H141','T016',N'Cư Mgar',0,0),
('H142','T041',N'Cửa Lò',0,0),
('H143','T029',N'Đà Bắc',1,0),
('H144','T038',N'Đạ Huoai',0,0),
('H145','T050',N'Đakrông',1,0),
('H146','T038',N'Đà Lạt',0,0),
('H147','T038',N'Đạ Tẻh',0,0),
('H148','T047',N'Đại Lộc',0,0),
('H149','T055',N'Đại Từ',0,0),
('H150','T021',N'Đak Đoa',0,0),
('H151','T034',N'Đăk Glei',0,0),
('H152','T017',N'Đắk Glong',0,0),
('H153','T034',N'Đăk Hà',0,0),
('H154','T017',N'Đắk Mil',0,0),
('H155','T021',N'Đak Pơ',0,0),
('H156','T017',N'Đắk Rlấp',0,0),
('H157','T017',N'Đắk Song',0,0),
('H158','T034',N'Đăk Tô',0,0),
('H159','T012',N'Đầm Dơi',0,0),
('H160','T049',N'Đầm Hà',0,0),
('H161','T038',N'Đam Rông',1,0),
('H162','T024',N'Đan Phượng',0,0),
('H163','T002',N'Đất Đỏ',0,0),
('H164','T008',N'Dầu Tiếng',0,0),
('H165','T008',N'Dĩ An',0,0),
('H166','T038',N'Di Linh',0,0),
('H167','T047',N'Điện Bàn',0,0),
('H168','T018',N'Điện Biên',0,0),
('H169','T018',N'Điện Biên Đông',0,1),
('H170','T018',N'Điện Biên Phủ',0,0),
('H171','T041',N'Diễn Châu',0,0),
('H172','T032',N'Diên Khánh',0,0),
('H173','T055',N'Định Hóa',0,0),
('H174','T036',N'Đình Lập',0,0),
('H175','T019',N'Định Quán',0,0),
('H176','T041',N'Đô Lương',0,0),
('H177','T027',N'Đồ Sơn',0,0),
('H178','T044',N'Đoan Hùng',0,0),
('H179','T038',N'Đơn Dương',0,0),
('H180','T024',N'Đông Anh',0,0),
('H181','T024',N'Đống Đa',0,0),
('H182','T047',N'Đông Giang',0,0),
('H183','T050',N'Đông Hà',0,0),
('H184','T003',N'Đông Hải',0,0),
('H185','T045',N'Đông Hòa',0,0),
('H186','T046',N'Đồng Hới',0,0),
('H187','T054',N'Đông Hưng',0,0),
('H188','T055',N'Đồng Hỷ',0,0),
('H189','T010',N'Đồng Phú',0,0),
('H190','T056',N'Đông Sơn',0,0),
('H191','T049',N'Đông Triều',0,0),
('H192','T022',N'Đồng Văn',0,1),
('H193','T010',N'Đồng Xoài',0,0),
('H194','T045',N'Đồng Xuân',0,0),
('H195','T021',N'Đức Cơ',0,0),
('H196','T039',N'Đức Hòa',0,0),
('H197','T039',N'Đức Huệ',0,0),
('H198','T011',N'Đức Linh',0,0),
('H199','T048',N'Đức Phổ',0,0),
('H200','T025',N'Đức Thọ',0,0),
('H201','T038',N'Đức Trọng',0,0),
('H202','T027',N'Dương Kinh',0,0),
('H203','T053',N'Dương Minh Châu',0,0),
('H204','T023',N'Duy Tiên',0,0),
('H205','T047',N'Duy Xuyên',0,0),
('H206','T059',N'Duyên Hải',0,0),
('H207','T059',N'Duyên Hải',0,0),
('H208','T016',N'Ea Hleo',0,0),
('H209','T016',N'Ea Kar',0,0),
('H210','T016',N'Ea Súp',0,0),
('H211','T006',N'Gia Bình',0,0),
('H212','T024',N'Gia Lâm',0,0),
('H213','T026',N'Gia Lộc',0,0),
('H214','T017',N'Gia Nghĩa',0,0),
('H215','T003',N'Giá Rai',0,0),
('H216','T042',N'Gia Viễn',0,0),
('H217','T033',N'Giang Thành',0,0),
('H218','T040',N'Giao Thủy',0,0),
('H219','T050',N'Gio Linh',0,0),
('H220','T033',N'Giồng Riềng',0,0),
('H221','T007',N'Giồng Trôm',0,0),
('H222','T058',N'Gò Công',0,0),
('H223','T058',N'Gò Công Đông',0,0),
('H224','T058',N'Gò Công Tây',0,0),
('H225','T053',N'Gò Dầu',0,0),
('H226','T033',N'Gò Quao',0,0),
('H227','T030',N'Gò Vấp',0,0),
('H228','T024',N'Hà Đông',0,0),
('H229','T022',N'Hà Giang',0,0),
('H230','T044',N'Hạ Hòa',0,0),
('H231','T013',N'Hạ Lang',0,1),
('H232','T049',N'Hạ Long',0,0),
('H233','T013',N'Hà Quảng',1,0),
('H234','T033',N'Hà Tiên',0,0),
('H235','T025',N'Hà Tĩnh',0,0),
('H236','T056',N'Hà Trung',0,0),
('H237','T027',N'Hải An',0,0),
('H238','T024',N'Hai Bà Trưng',0,0),
('H239','T015',N'Hải Châu',0,0),
('H240','T026',N'Hải Dương',0,0),
('H241','T049',N'Hải Hà',0,0),
('H242','T040',N'Hải Hậu',0,0),
('H243','T050',N'Hải Lăng',0,0),
('H244','T011',N'Hàm Tân',0,0),
('H245','T011',N'Hàm Thuận Bắc',0,0),
('H246','T011',N'Hàm Thuận Nam',0,0),
('H247','T060',N'Hàm Yên',0,0),
('H248','T056',N'Hậu Lộc',0,0),
('H249','T047',N'Hiệp Đức',0,0),
('H250','T004',N'Hiệp Hòa',0,0),
('H251','T013',N'Hòa An',0,0),
('H252','T029',N'Hòa Bình',0,0),
('H253','T003',N'Hòa Bình',0,0),
('H254','T042',N'Hoa Lư',0,0),
('H255','T053',N'Hòa Thành',0,0),
('H256','T015',N'Hòa Vang',0,0),
('H257','T009',N'Hoài Ân',0,0),
('H258','T024',N'Hoài Đức',0,0),
('H259','T009',N'Hoài Nhơn',0,0),
('H260','T024',N'Hoàn Kiếm',0,0),
('H261','T056',N'Hoằng Hóa',0,0),
('H262','T024',N'Hoàng Mai',0,0),
('H263','T041',N'Hoàng Mai',0,0),
('H264','T015',N'Hoàng Sa',0,0),
('H265','T022',N'Hoàng Su Phì',1,0),
('H266','T030',N'Hóc Môn',0,0),
('H267','T047',N'Hội An',0,0),
('H268','T033',N'Hòn Đất',0,0),
('H269','T010',N'Hớn Quản',0,0),
('H270','T027',N'Hồng Bàng',0,0),
('H271','T003',N'Hồng Dân',0,0),
('H272','T025',N'Hồng Lĩnh',0,0),
('H273','T020',N'Hồng Ngự',0,0),
('H274','T020',N'Hồng Ngự',0,0),
('H275','T057',N'Huế',0,0),
('H276','T054',N'Hưng Hà',0,0),
('H277','T041',N'Hưng Nguyên',0,0),
('H278','T031',N'Hưng Yên',0,0),
('H279','T050',N'Hướng Hóa',0,0),
('H280','T025',N'Hương Khê',0,0),
('H281','T025',N'Hương Sơn',0,0),
('H282','T057',N'Hương Thủy',0,0),
('H283','T057',N'Hương Trà',0,0),
('H284','T036',N'Hữu Lũng',0,0),
('H285','T021',N'Ia Grai',0,0),
('H286','T034',N'Ia HDrai',0,0),
('H287','T021',N'Ia Pa',0,0),
('H288','T021',N'Kbang',0,0),
('H289','T051',N'Kế Sách',0,0),
('H290','T032',N'Khánh Sơn',1,0),
('H291','T032',N'Khánh Vĩnh',0,1),
('H292','T031',N'Khoái Châu',0,0),
('H293','T027',N'Kiến An',0,0),
('H294','T033',N'Kiên Hải',0,0),
('H295','T033',N'Kiên Lương',0,0),
('H296','T027',N'Kiến Thụy',0,0),
('H297','T039',N'Kiến Tường',0,0),
('H298','T054',N'Kiến Xương',0,0),
('H299','T023',N'Kim Bảng',0,0),
('H300','T029',N'Kim Bôi',0,0),
('H301','T031',N'Kim Động',0,0),
('H302','T042',N'Kim Sơn',0,0),
('H303','T026',N'Kim Thành',0,0),
('H304','T026',N'Kinh Môn',0,0),
('H305','T034',N'Kon Plông',1,0),
('H306','T034',N'Kon Rẫy',0,0),
('H307','T034',N'Kon Tum',0,0),
('H308','T021',N'Kông Chro',0,0),
('H309','T016',N'Krông Ana',0,0),
('H310','T016',N'Krông Bông',0,0),
('H311','T016',N'Krông Búk',0,0),
('H312','T016',N'Krông Năng',0,0),
('H313','T017',N'Krông Nô',0,0),
('H314','T021',N'Krông Pa',0,0),
('H315','T016',N'Krông Pắc',0,0),
('H316','T025',N'Kỳ Anh',0,0),
('H317','T025',N'Kỳ Anh',0,0),
('H318','T041',N'Kỳ Sơn',1,0),
('H319','T011',N'La Gi',0,0),
('H320','T038',N'Lạc Dương',0,0),
('H321','T029',N'Lạc Sơn',0,0),
('H322','T029',N'Lạc Thủy',0,0),
('H323','T035',N'Lai Châu',0,0),
('H324','T020',N'Lai Vung',0,0),
('H325','T016',N'Lắk',0,0),
('H326','T060',N'Lâm Bình',0,0),
('H327','T038',N'Lâm Hà',0,0),
('H328','T044',N'Lâm Thao',0,0),
('H329','T056',N'Lang Chánh',0,0),
('H330','T004',N'Lạng Giang',0,0),
('H331','T036',N'Lạng Sơn',0,0),
('H332','T037',N'Lào Cai',0,0),
('H333','T062',N'Lập Thạch',0,0),
('H334','T020',N'Lấp Vò',0,0),
('H335','T027',N'Lê Chân',0,0),
('H336','T046',N'Lệ Thủy',0,0),
('H337','T015',N'Liên Chiểu',0,0),
('H338','T036',N'Lộc Bình',0,0),
('H339','T025',N'Lộc Hà',0,0),
('H340','T010',N'Lộc Ninh',0,0),
('H341','T024',N'Long Biên',0,0),
('H342','T002',N'Long Điền',0,0),
('H343','T061',N'Long Hồ',0,0),
('H344','T019',N'Long Khánh',0,0),
('H345','T028',N'Long Mỹ',0,0),
('H346','T028',N'Long Mỹ',0,0),
('H347','T051',N'Long Phú',0,0),
('H348','T019',N'Long Thành',0,0),
('H349','T001',N'Long Xuyên',0,0),
('H350','T004',N'Lục Nam',0,0),
('H351','T004',N'Lục Ngạn',0,0),
('H352','T063',N'Lục Yên',0,0),
('H353','T029',N'Lương Sơn',0,0),
('H354','T006',N'Lương Tài',0,0),
('H355','T023',N'Lý Nhân',0,0),
('H356','T048',N'Lý Sơn',0,0),
('H357','T016',N'MDrắk',0,0),
('H358','T029',N'Mai Châu',0,0),
('H359','T052',N'Mai Sơn',0,0),
('H360','T061',N'Mang Thít',0,0),
('H361','T021',N'Mang Yang',0,0),
('H362','T024',N'Mê Linh',0,0),
('H363','T022',N'Mèo Vạc',1,0),
('H364','T046',N'Minh Hóa',0,1),
('H365','T048',N'Minh Long',0,0),
('H366','T007',N'Mỏ Cày Bắc',0,0),
('H367','T007',N'Mỏ Cày Nam',0,0),
('H368','T048',N'Mộ Đức',0,0),
('H369','T052',N'Mộc Châu',0,0),
('H370','T039',N'Mộc Hóa',0,0),
('H371','T049',N'Móng Cái',0,0),
('H372','T063',N'Mù Cang Chải',0,0),
('H373','T018',N'Mường Ảng',0,0),
('H374','T018',N'Mường Chà',0,0),
('H375','T037',N'Mường Khương',0,0),
('H376','T052',N'Mường La',0,0),
('H377','T056',N'Mường Lát',0,0),
('H378','T018',N'Mường Lay',0,0),
('H379','T018',N'Mường Nhé',0,1),
('H380','T035',N'Mường Tè',0,1),
('H381','T024',N'Mỹ Đức',0,0),
('H382','T031',N'Mỹ Hào',0,0),
('H383','T040',N'Mỹ Lộc',0,0),
('H384','T058',N'Mỹ Tho',0,0),
('H385','T051',N'Mỹ Tú',0,0),
('H386','T051',N'Mỹ Xuyên',0,0),
('H387','T060',N'Na Hang',0,1),
('H388','T005',N'Na Rì',0,0),
('H389','T012',N'Năm Căn',0,0),
('H390','T041',N'Nam Đàn',0,0),
('H391','T040',N'Nam Định',0,0),
('H392','T057',N'Nam Đông',0,0),
('H393','T047',N'Nam Giang',0,0),
('H394','T035',N'Nậm Nhùn',0,1),
('H395','T018',N'Nậm Pồ',1,0),
('H396','T026',N'Nam Sách',0,0),
('H397','T047',N'Nam Trà My',0,0),
('H398','T040',N'Nam Trực',0,0),
('H399','T024',N'Nam Từ Liêm',0,0),
('H400','T028',N'Ngã Bảy',0,0),
('H401','T051',N'Ngã Năm',0,0),
('H402','T056',N'Nga Sơn',0,0),
('H403','T005',N'Ngân Sơn',0,1),
('H404','T041',N'Nghi Lộc',0,0),
('H405','T056',N'Nghi Sơn',0,0),
('H406','T025',N'Nghi Xuân',0,0),
('H407','T041',N'Nghĩa Đàn',0,0),
('H408','T048',N'Nghĩa Hành',0,0),
('H409','T040',N'Nghĩa Hưng',0,0),
('H410','T063',N'Nghĩa Lộ',0,0),
('H411','T027',N'Ngô Quyền',0,0),
('H412','T012',N'Ngọc Hiển',0,0),
('H413','T034',N'Ngọc Hồi',0,0),
('H414','T056',N'Ngọc Lặc',0,0),
('H415','T015',N'Ngũ Hành Sơn',0,0),
('H416','T013',N'Nguyên Bình',0,0),
('H417','T030',N'Nhà Bè',0,0),
('H418','T032',N'Nha Trang',0,0),
('H419','T042',N'Nho Quan',0,0),
('H420','T019',N'Nhơn Trạch',0,0),
('H421','T056',N'Như Thanh',0,0),
('H422','T056',N'Như Xuân',0,0),
('H423','T042',N'Ninh Bình',0,0),
('H424','T026',N'Ninh Giang',0,0),
('H425','T043',N'Ninh Hải',0,0),
('H426','T032',N'Ninh Hòa',0,0),
('H427','T014',N'Ninh Kiều',0,0),
('H428','T043',N'Ninh Phước',0,0),
('H429','T043',N'Ninh Sơn',0,0),
('H430','T056',N'Nông Cống',0,0),
('H431','T047',N'Nông Sơn',0,0),
('H432','T047',N'Núi Thành',0,0),
('H433','T014',N'Ô Môn',0,0),
('H434','T005',N'Pác Nặm',0,1),
('H435','T043',N'Phan Rang Tháp Chàm',0,0),
('H436','T011',N'Phan Thiết',0,0),
('H437','T055',N'Phổ Yên',0,0),
('H438','T014',N'Phong Điền',0,0),
('H439','T057',N'Phong Điền',0,0),
('H440','T035',N'Phong Thổ',0,1),
('H441','T055',N'Phú Bình',0,0),
('H442','T009',N'Phù Cát',0,0),
('H443','T031',N'Phù Cừ',0,0),
('H444','T008',N'Phú Giáo',0,0),
('H445','T045',N'Phú Hòa',0,0),
('H446','T057',N'Phú Lộc',0,0),
('H447','T055',N'Phú Lương',0,0),
('H448','T023',N'Phủ Lý',0,0),
('H449','T002',N'Phú Mỹ',0,0),
('H450','T009',N'Phù Mỹ',0,0),
('H451','T030',N'Phú Nhuận',0,0),
('H452','T047',N'Phú Ninh',0,0),
('H453','T044',N'Phù Ninh',0,0),
('H454','T033',N'Phú Quốc',0,0),
('H455','T011',N'Phú Quý',0,0),
('H456','T010',N'Phú Riềng',0,0),
('H457','T001',N'Phú Tân',0,0),
('H458','T012',N'Phú Tân',0,0),
('H459','T021',N'Phú Thiện',0,0),
('H460','T044',N'Phú Thọ',0,0),
('H461','T057',N'Phú Vang',0,0),
('H462','T024',N'Phú Xuyên',0,0),
('H463','T052',N'Phù Yên',0,0),
('H464','T024',N'Phúc Thọ',0,0),
('H465','T062',N'Phúc Yên',0,0),
('H466','T028',N'Phụng Hiệp',0,0),
('H467','T010',N'Phước Long',0,0),
('H468','T003',N'Phước Long',0,0),
('H469','T047',N'Phước Sơn',0,1),
('H470','T021',N'Pleiku',0,0),
('H471','T030',N'Quận 1',0,0),
('H472','T030',N'Quận 3',0,0),
('H473','T030',N'Quận 4',0,0),
('H474','T030',N'Quận 5',0,0),
('H475','T030',N'Quận 6',0,0),
('H476','T030',N'Quận 7',0,0),
('H477','T030',N'Quận 8',0,0),
('H478','T030',N'Quận 10',0,0),
('H479','T030',N'Quận 11',0,0),
('H480','T030',N'Quận 12',0,0),
('H481','T022',N'Quản Bạ',0,1),
('H482','T056',N'Quan Hóa',0,1),
('H483','T056',N'Quan Sơn',0,0),
('H484','T022',N'Quang Bình',0,0),
('H485','T057',N'Quảng Điền',0,0),
('H486','T013',N'Quảng Hòa',0,0),
('H487','T048',N'Quảng Ngãi',0,0),
('H488','T046',N'Quảng Ninh',0,0),
('H489','T046',N'Quảng Trạch',0,0),
('H490','T050',N'Quảng Trị',0,0),
('H491','T056',N'Quảng Xương',0,0),
('H492','T049',N'Quảng Yên',0,0),
('H493','T041',N'Quế Phong',0,0),
('H494','T047',N'Quế Sơn',0,0),
('H495','T006',N'Quế Võ',0,0),
('H496','T024',N'Quốc Oai',0,0),
('H497','T041',N'Quỳ Châu',0,0),
('H498','T041',N'Quỳ Hợp',0,0),
('H499','T009',N'Quy Nhơn',0,0),
('H500','T041',N'Quỳnh Lưu',0,0),
('H501','T052',N'Quỳnh Nhai',0,0),
('H502','T054',N'Quỳnh Phụ',0,0),
('H503','T033',N'Rạch Giá',0,0),
('H504','T020',N'Sa Đéc',0,0),
('H505','T037',N'Sa Pa',0,0),
('H506','T034',N'Sa Thầy',0,0),
('H507','T056',N'Sầm Sơn',0,0),
('H508','T037',N'Si Ma Cai',0,0),
('H509','T035',N'Sìn Hồ',0,1),
('H510','T024',N'Sóc Sơn',0,0),
('H511','T051',N'Sóc Trăng',0,0),
('H512','T004',N'Sơn Động',1,0),
('H513','T060',N'Sơn Dương',0,0),
('H514','T048',N'Sơn Hà',0,0),
('H515','T045',N'Sơn Hòa',0,0),
('H516','T052',N'Sơn La',0,0),
('H517','T024',N'Sơn Tây',0,0),
('H518','T048',N'Sơn Tây',0,0),
('H519','T048',N'Sơn Tịnh',0,0),
('H520','T015',N'Sơn Trà',0,0),
('H521','T045',N'Sông Cầu',0,0),
('H522','T055',N'Sông Công',0,0),
('H523','T045',N'Sông Hinh',0,0),
('H524','T062',N'Sông Lô',0,0),
('H525','T052',N'Sông Mã',0,0),
('H526','T052',N'Sốp Cộp',1,0),
('H527','T061',N'Tam Bình',0,0),
('H528','T062',N'Tam Đảo',0,0),
('H529','T042',N'Tam Điệp',0,0),
('H530','T062',N'Tam Dương',0,0),
('H531','T035',N'Tam Đường',0,0),
('H532','T047',N'Tam Kỳ',0,0),
('H533','T020',N'Tam Nông',0,0),
('H534','T044',N'Tam Nông',0,0),
('H535','T039',N'Tân An',0,0),
('H536','T053',N'Tân Biên',0,0),
('H537','T030',N'Tân Bình',0,0),
('H538','T001',N'Tân Châu',0,0),
('H539','T053',N'Tân Châu',0,0),
('H540','T033',N'Tân Hiệp',0,0),
('H541','T020',N'Tân Hồng',0,0),
('H542','T039',N'Tân Hưng',0,0),
('H543','T041',N'Tân Kỳ',0,0),
('H544','T029',N'Tân Lạc',0,0),
('H545','T030',N'Tân Phú',0,0),
('H546','T019',N'Tân Phú',0,0),
('H547','T058',N'Tân Phú Đông',0,0),
('H548','T058',N'Tân Phước',0,0),
('H549','T044',N'Tân Sơn',0,0),
('H550','T039',N'Tân Thạnh',0,0),
('H551','T039',N'Tân Trụ',0,0),
('H552','T008',N'Tân Uyên',0,0),
('H553','T035',N'Tân Uyên',0,0),
('H554','T004',N'Tân Yên',0,0),
('H555','T011',N'Tánh Linh',0,0),
('H556','T047',N'Tây Giang',0,0),
('H557','T024',N'Tây Hồ',0,0),
('H558','T045',N'Tây Hòa',0,0),
('H559','T053',N'Tây Ninh',0,0),
('H560','T009',N'Tây Sơn',0,0),
('H561','T013',N'Thạch An',0,0),
('H562','T025',N'Thạch Hà',0,0),
('H563','T056',N'Thạch Thành',0,0),
('H564','T024',N'Thạch Thất',0,0),
('H565','T054',N'Thái Bình',0,0),
('H566','T041',N'Thái Hòa',0,0),
('H567','T055',N'Thái Nguyên',0,0),
('H568','T054',N'Thái Thụy',0,0),
('H569','T035',N'Than Uyên',0,0),
('H570','T047',N'Thăng Bình',0,0),
('H571','T044',N'Thanh Ba',0,0),
('H572','T020',N'Thanh Bình',0,0),
('H573','T041',N'Thanh Chương',0,0),
('H574','T026',N'Thanh Hà',0,0),
('H575','T056',N'Thanh Hóa',0,0),
('H576','T039',N'Thạnh Hóa',0,0),
('H577','T015',N'Thanh Khê',0,0),
('H578','T023',N'Thanh Liêm',0,0),
('H579','T026',N'Thanh Miện',0,0),
('H580','T024',N'Thanh Oai',0,0),
('H581','T007',N'Thạnh Phú',0,0),
('H582','T044',N'Thanh Sơn',0,0),
('H583','T044',N'Thanh Thủy',0,0),
('H584','T024',N'Thanh Trì',0,0),
('H585','T051',N'Thạnh Trị',0,0),
('H586','T024',N'Thanh Xuân',0,0),
('H587','T020',N'Tháp Mười',0,0),
('H588','T056',N'Thiệu Hóa',0,0),
('H589','T056',N'Thọ Xuân',0,0),
('H590','T001',N'Thoại Sơn',0,0),
('H591','T012',N'Thới Bình',0,0),
('H592','T014',N'Thới Lai',0,0),
('H593','T019',N'Thống Nhất',0,0),
('H594','T014',N'Thốt Nốt',0,0),
('H595','T008',N'Thủ Dầu Một',0,0),
('H596','T030',N'Thủ Đức',0,0),
('H597','T039',N'Thủ Thừa',0,0),
('H598','T008',N'Thuận An',0,0),
('H599','T043',N'Thuận Bắc',0,0),
('H600','T052',N'Thuận Châu',0,0),
('H601','T043',N'Thuận Nam',0,0),
('H602','T006',N'Thuận Thành',0,0),
('H603','T024',N'Thường Tín',0,0),
('H604','T056',N'Thường Xuân',0,0),
('H605','T027',N'Thủy Nguyên',0,0),
('H606','T006',N'Tiên Du',0,0),
('H607','T054',N'Tiền Hải',0,0),
('H608','T027',N'Tiên Lãng',0,0),
('H609','T031',N'Tiên Lữ',0,0),
('H610','T047',N'Tiên Phước',0,0),
('H611','T049',N'Tiên Yên',0,0),
('H612','T059',N'Tiểu Cần',0,0),
('H613','T001',N'Tịnh Biên',0,0),
('H614','T048',N'Trà Bồng',0,0),
('H615','T059',N'Trà Cú',0,0),
('H616','T061',N'Trà Ôn',0,0),
('H617','T059',N'Trà Vinh',0,0),
('H618','T063',N'Trạm Tấu',0,1),
('H619','T051',N'Trần Đề',0,0),
('H620','T012',N'Trần Văn Thời',0,0),
('H621','T063',N'Trấn Yên',0,0),
('H622','T053',N'Trảng Bàng',0,0),
('H623','T019',N'Trảng Bom',0,0),
('H624','T036',N'Tràng Định',0,0),
('H625','T001',N'Tri Tôn',0,0),
('H626','T050',N'Triệu Phong',0,0),
('H627','T056',N'Triệu Sơn',0,0),
('H628','T040',N'Trực Ninh',0,0),
('H629','T013',N'Trùng Khánh',0,0),
('H630','T032',N'Trường Sa',0,0),
('H631','T026',N'Tứ Kỳ',0,0),
('H632','T034',N'Tu Mơ Rông',0,1),
('H633','T048',N'Tư Nghĩa',0,0),
('H634','T006',N'Từ Sơn',0,0),
('H635','T018',N'Tủa Chùa',1,0),
('H636','T018',N'Tuần Giáo',0,0),
('H637','T041',N'Tương Dương',0,0),
('H638','T045',N'Tuy An',0,0),
('H639','T017',N'Tuy Đức',0,0),
('H640','T045',N'Tuy Hòa',0,0),
('H641','T011',N'Tuy Phong',0,0),
('H642','T009',N'Tuy Phước',0,0),
('H643','T046',N'Tuyên Hóa',0,0),
('H644','T060',N'Tuyên Quang',0,0),
('H645','T033',N'U Minh Thượng',0,0),
('H646','T012',N'U Minh',0,0),
('H647','T024',N'Ứng Hòa',0,0),
('H648','T049',N'Uông Bí',0,0),
('H649','T037',N'Văn Bàn',0,0),
('H650','T009',N'Vân Canh',0,1),
('H651','T063',N'Văn Chấn',0,0),
('H652','T049',N'Vân Đồn',0,0),
('H653','T031',N'Văn Giang',0,0),
('H654','T052',N'Vân Hồ',0,0),
('H655','T031',N'Văn Lâm',0,0),
('H656','T036',N'Văn Lãng',0,0),
('H657','T032',N'Vạn Ninh',0,0),
('H658','T036',N'Văn Quan',0,0),
('H659','T063',N'Văn Yên',0,0),
('H660','T028',N'Vị Thanh',0,0),
('H661','T028',N'Vị Thủy',0,0),
('H662','T022',N'Vị Xuyên',0,0),
('H663','T044',N'Việt Trì',0,0),
('H664','T004',N'Việt Yên',0,0),
('H665','T027',N'Vĩnh Bảo',0,0),
('H666','T051',N'Vĩnh Châu',0,0),
('H667','T019',N'Vĩnh Cửu',0,0),
('H668','T039',N'Vĩnh Hưng',0,0),
('H669','T050',N'Vĩnh Linh',0,0),
('H670','T056',N'Vĩnh Lộc',0,0),
('H671','T003',N'Vĩnh Lợi',0,0),
('H672','T061',N'Vĩnh Long',0,0),
('H673','T014',N'Vĩnh Thạnh',1,0),
('H674','T009',N'Vĩnh Thạnh',1,0),
('H675','T033',N'Vĩnh Thuận',0,0),
('H676','T062',N'Vĩnh Tường',0,0),
('H677','T062',N'Vĩnh Yên',0,0),
('H678','T041',N'Vinh',0,0),
('H679','T055',N'Võ Nhai',0,0),
('H680','T040',N'Vụ Bản',0,0),
('H681','T025',N'Vũ Quang',0,0),
('H682','T054',N'Vũ Thư',0,0),
('H683','T061',N'Vũng Liêm',0,0),
('H684','T002',N'Vũng Tàu',0,0),
('H685','T022',N'Xín Mần',1,0),
('H686','T019',N'Xuân Lộc',0,0),
('H687','T040',N'Xuân Trường',0,0),
('H688','T002',N'Xuyên Mộc',0,0),
('H689','T040',N'Ý Yên',0,0),
('H690','T063',N'Yên Bái',0,0),
('H691','T063',N'Yên Bình',0,0),
('H692','T052',N'Yên Châu',0,0),
('H693','T056',N'Yên Định',0,0),
('H694','T004',N'Yên Dũng',0,0),
('H695','T042',N'Yên Khánh',0,0),
('H696','T062',N'Yên Lạc',0,0),
('H697','T044',N'Yên Lập',0,0),
('H698','T022',N'Yên Minh',1,0),
('H699','T042',N'Yên Mô',0,0),
('H700','T031',N'Yên Mỹ',0,0),
('H701','T006',N'Yên Phong',0,0),
('H702','T060',N'Yên Sơn',0,0),
('H703','T041',N'Yên Thành',0,0),
('H704','T004',N'Yên Thế',0,0),
('H705','T029',N'Yên Thủy',0,0)


insert into KHOA values
('CS',N'Khoa học máy tính'),
('IE',N'Khoa học và kỹ thuật thông tin'),
('CE',N'Kỹ thuật máy tính'),
('SE',N'Công nghệ phần mềm'),
('IS',N'Hệ thống thông tin'),
('NT',N'Mạng máy tính và truyền thông')


INSERT INTO NGANH (MaNganh, MaKhoa, TenNganh) VALUES
('CS01', 'CS', N'Khoa học Máy tính'),
('CS02', 'CS', N'Trí tuệ nhân tạo'),
('CE01', 'CE', N'Kỹ thuật Máy tính'),
('IE01', 'IE', N'Khoa học Dữ liệu'),
('IE02', 'IE', N'Công nghệ Thông tin'),
('IS01', 'IS', N'Hệ thống Thông tin'),
('NT01', 'NT', N'Thương mại Điện tử'),
('NT02', 'NT', N'Mạng Máy tính và Truyền thông'),
('NT03', 'NT', N'An toàn Thông tin'),
('SE01', 'SE', N'Kỹ thuật Phần mềm');

-- Thêm dữ liệu vào bảng SINHVIEN
INSERT INTO SINHVIEN
VALUES
('22520026', N'Nguyễn Trần Khương An', '2004-11-25', N'Nữ', 'H684', 'DT01', 'CS01'),
('22520019', N'Nguyễn Ấn', '2004-05-16', 'Nam', 'H002', 'DT02', 'CS02'),
('22520431', N'Đỗ Chí Hiếu', '2004-09-10', 'Nam', 'H003', 'DT03', 'CS01'),
('19521683', N'Nguyễn Hoàng Khanh', '2000-04-04', 'Nam', 'H004', 'DT04', 'CS02'),
('22520139', N'Trịnh Lê Thanh Bình', '2000-05-05', 'Nam', 'H005', 'DT05', 'SE01');

-- Thêm dữ liệu vào bảng LOAIMON
INSERT INTO LOAIMON (MaLoaiMon, TenLoaiMon, SoTietTinChi, SoTienTinChi) VALUES
('LT', N'Lý thuyết', 15, 27000),
('TH', N'Thực hành ', 30, 37000);


INSERT INTO CTNGANH (HocKy, MaMonHoc, TenMonHoc, MaNganh, GhiChu) 
VALUES
    (1, 'IT001', N'Lập trình cơ bản', 'CS01', N''),
    (1, 'IT003', N'Cấu trúc dữ liệu và giải thuật', 'CS01', N''),
    (1, 'IT007', N'Hệ điều hành', 'CE01', N''),
    (1, 'IT005', N'Mạng máy tính', 'CS01', N''),
    (1, 'NT001', N'Thương mại điện tử', 'NT01', N''),
    (1, 'NT002', N'An toàn thông tin', 'NT03', N''),
    (1, 'SE104', N'Nhập môn công nghệ phần mềm', 'SE01', N''),
    (1, 'DS001', N'Học máy thống kê', 'IE01', N''),
    (1, 'IT002', N'Lập trình hướng đối tượng', 'SE01', N''),
    (1, 'NT009', N'Quản trị mạng', 'NT01', N''),
    (1, 'NT003', N'Kỹ thuật phòng chống tấn công', 'NT03', N''),
    (1, 'SE105', N'Thiết kế phần mềm', 'SE01', N''),
    (1, 'DS002', N'Học sâu trong học máy', 'IE01', N''),
    (1, 'IE108', N'Phân tích thiết kế phần mềm', 'IE02', N''),
    (1, 'NT208', N'Lập trình ứng dụng Web', 'NT01', N''),
    (1, 'NT209', N'Lập trình hệ thống', 'NT02', N''),
    (1, 'NT213', N'Bảo mật web và ứng dụng', 'NT03', N''),
    (1, 'NT330', N'An toàn mạng không dây và di động', 'NT03', N''),
    (1, 'IS210', N'Hệ quản trị cơ sở dữ liệu', 'IS01', N''),
    (1, 'IS353', N'Mạng xã hội', 'IS01', N''),
    (1, 'CS112', N'Phân tích và thiết kế thuật toán', 'CS02', N'')




-- Cập nhật số tín chỉ cho các môn học
UPDATE DSMH
SET SoTinChi = CASE 
    WHEN MaLoaiMon = 'LT' THEN SoTiet / 15
    WHEN MaLoaiMon = 'TH' THEN SoTiet / 30
    ELSE SoTinChi
END;

INSERT INTO HOCKY_NAMHOC (HocKy, NamHoc, ThoiHanDongHocPhi)
VALUES
    ( 1, 2023, '2022-09-01'),
    ( 2, 2023, '2023-01-31'),
	( 3, 2023, '2023-07-01'),
    ( 1, 2024, '2023-09-01'),
    ( 2, 2024, '2024-01-31'),
	( 3, 2024, '2024-07-01');
INSERT INTO CTNGANH (HocKy, MaMonHoc, TenMonHoc, MaNganh, GhiChu) 
VALUES
    (1, 'IT001', N'Lập trình cơ bản', 'CS', N'Ghi chú 1'),
    (1, 'IT003', N'Cấu trúc dữ liệu và giải thuật', 'CS', N'Ghi chú 2'),
    (1, 'IT007', N'Hệ điều hành', 'CE', N'Ghi chú 3'),
    (1, 'IT005', N'Mạng máy tính', 'CS', N'Ghi chú 4'),
    (1, 'NT001', N'Thương mại điện tử', 'NT', N'Ghi chú 5'),
    (2, 'NT002', N'An toàn thông tin', 'NT', N'Ghi chú 6'),
    (2, 'SE104', N'Nhập môn công nghệ phần mềm', 'SE', N'Ghi chú 7'),
    (2, 'DS001', N'Học máy thống kê', 'IE', N'Ghi chú 8'),
    (1, 'IT002', N'Lập trình hướng đối tượng', 'SE', N'Ghi chú 9'),
    (1, 'NT009', N'Quản trị mạng', 'NT', N'Ghi chú 10'),
    (2, 'NT003', N'Kỹ thuật phòng chống tấn công', 'NT', N'Ghi chú 11'),
    (2, 'SE105', N'Thiết kế phần mềm', 'SE', N'Ghi chú 12'),
    (2, 'DS002', N'Học sâu trong học máy', 'IE', N'Ghi chú 13'),
    (1, 'IE108', N'Phân tích thiết kế phần mềm', 'IE', N'Ghi chú 14'),
    (1, 'NT208', N'Lập trình ứng dụng Web', 'NT', N'Ghi chú 15'),
    (2, 'NT209', N'Lập trình hệ thống', 'NT', N'Ghi chú 16'),
    (2, 'NT213', N'Bảo mật web và ứng dụng', 'NT', N'Ghi chú 17'),
    (1, 'NT330', N'An toàn mạng không dây và di động', 'NT', N'Ghi chú 18'),
    (1, 'IS210', N'Hệ quản trị cơ sở dữ liệu', 'IS', N'Ghi chú 19'),
    (2, 'IS353', N'Mạng xã hội', 'IS', N'Ghi chú 20'),
    (2, 'CS112', N'Phân tích và thiết kế thuật toán', 'CS', N'Ghi chú 21'),
    (1, 'CS114', N'Máy học', 'CS', N'Ghi chú 22'),
    (1, 'CS221', N'Xử lý ngôn ngữ tự nhiên', 'CS', N'Ghi chú 23'),
    (1, 'CS222', N'Xử lý ngôn ngữ tự nhiên nâng cao', 'CS', N'Ghi chú 24'),
    (2, 'CS231', N'Nhập môn Thị giác máy tính', 'CS', N'Ghi chú 25'),
    (2, 'CS410', N'Mạng neural và thuật giải di truyền', 'CS', N'Ghi chú 26'),
    (2, 'CS511', N'Ngôn ngữ lập trình C#', 'CS', N'Ghi chú 27'),
